<?xml version="1.0" encoding="utf-8" standalone="yes"?>
<SexyContent FileVersion="07.00.00" MinimumRequiredVersion="07.00.00" ModuleVersion="09.32.00" ExportDate="2018-08-07T17:09:03.8386283+02:00">
  <Header>
    <App Guid="7b6a4a8a-cfd5-48fa-b309-871405e51e92" />
    <Language Default="en-US" />
    <Dimensions />
  </Header>
  <AttributeSets>
    <AttributeSet StaticName="App-Resources" Name="App-Resources" Description="Stores resources like translations for an app" Scope="2SexyContent-App" AlwaysShareConfiguration="false">
      <Attributes />
    </AttributeSet>
    <AttributeSet StaticName="App-Settings" Name="App-Settings" Description="Stores settings for an app" Scope="2SexyContent-App" AlwaysShareConfiguration="false">
      <Attributes />
    </AttributeSet>
    <AttributeSet StaticName="c01edffb-94ec-4e3f-abe9-41e01fd7869b" Name="Jumbotron" Description="Jumbotron" Scope="2SexyContent" AlwaysShareConfiguration="false">
      <Attributes>
        <Attribute StaticName="Title" Type="String" IsTitle="true">
          <Entity AssignmentObjectType="EAV Field Properties" AttributeSetStaticName="@All" AttributeSetName="@All" EntityGUID="8713cd6c-ad27-4b60-8739-068becc215f5" KeyNumber="519">
            <Value Key="InputType" Value="string-default" Type="String" />
            <Value Key="Name" Value="Title" Type="String" />
            <Value Key="VisibleInEditUI" Value="True" Type="Boolean" />
          </Entity>
        </Attribute>
        <Attribute StaticName="Teaser" Type="String" IsTitle="false">
          <Entity AssignmentObjectType="EAV Field Properties" AttributeSetStaticName="@All" AttributeSetName="@All" EntityGUID="8b296f7c-e59d-4381-8ea6-45bf0012f8d3" KeyNumber="520">
            <Value Key="InputType" Value="string-wysiwyg" Type="String" />
            <Value Key="Name" Value="Teaser" Type="String" />
            <Value Key="VisibleInEditUI" Value="True" Type="Boolean" />
          </Entity>
        </Attribute>
        <Attribute StaticName="Content" Type="String" IsTitle="false">
          <Entity AssignmentObjectType="EAV Field Properties" AttributeSetStaticName="@All" AttributeSetName="@All" EntityGUID="fefc26eb-17a7-401d-925c-70925a05e1d0" KeyNumber="521">
            <Value Key="InputType" Value="string-wysiwyg" Type="String" />
            <Value Key="Name" Value="Content" Type="String" />
            <Value Key="VisibleInEditUI" Value="True" Type="Boolean" />
          </Entity>
        </Attribute>
        <Attribute StaticName="Colorcombo" Type="String" IsTitle="false">
          <Entity AssignmentObjectType="EAV Field Properties" AttributeSetStaticName="@All" AttributeSetName="@All" EntityGUID="f3ac7f99-3bba-4a60-bc74-c95cca942ad6" KeyNumber="528">
            <Value Key="CustomJavaScript" Value="" Type="String" />
            <Value Key="DefaultValue" Value="" Type="String" />
            <Value Key="Disabled" Value="False" Type="Boolean" />
            <Value Key="InputType" Value="string-dropdown" Type="String" />
            <Value Key="Name" Value="Colorcombo" Type="String" />
            <Value Key="Notes" Value="" Type="String" />
            <Value Key="Required" Value="False" Type="Boolean" />
            <Value Key="ValidationRegExJavaScript" Value="" Type="String" />
            <Value Key="VisibleInEditUI" Value="True" Type="Boolean" />
          </Entity>
          <Entity AssignmentObjectType="EAV Field Properties" AttributeSetStaticName="@String" AttributeSetName="@String" EntityGUID="2044aff9-763c-4c5b-91b2-59cef17caf1d" KeyNumber="528">
            <Value Key="DropdownValues" Value="" Type="String" />
            <Value Key="InputType" Value="" Type="String" />
          </Entity>
          <Entity AssignmentObjectType="EAV Field Properties" AttributeSetStaticName="@string-dropdown" AttributeSetName="@string-dropdown" EntityGUID="3d2b1795-f03a-4627-9715-aa8863fc1f19" KeyNumber="528">
            <Value Key="DropdownValues" Value="bg-primary text-white:bg-primary text-white&#xA;bg-secondary text-white:bg-secondary text-white&#xA;bg-success text-white:bg-success text-white&#xA;bg-danger text-white:bg-danger text-white&#xA;Zwart:bg-warning text-dark&#xA;bg-info text-white:bg-info text-white&#xA;bg-light text-dark:bg-light text-dark&#xA;bg-dark text-white:bg-dark text-white&#xA;bg-white text-dark:bg-white text-dark" Type="String" />
            <Value Key="EnableTextEntry" Value="False" Type="Boolean" />
          </Entity>
        </Attribute>
        <Attribute StaticName="Linktext" Type="String" IsTitle="false">
          <Entity AssignmentObjectType="EAV Field Properties" AttributeSetStaticName="@All" AttributeSetName="@All" EntityGUID="108e9feb-f143-48dc-9e51-50876c01b695" KeyNumber="522">
            <Value Key="InputType" Value="string-default" Type="String" />
            <Value Key="Name" Value="Linktext" Type="String" />
            <Value Key="VisibleInEditUI" Value="True" Type="Boolean" />
          </Entity>
        </Attribute>
        <Attribute StaticName="Link" Type="Hyperlink" IsTitle="false">
          <Entity AssignmentObjectType="EAV Field Properties" AttributeSetStaticName="@All" AttributeSetName="@All" EntityGUID="86b958d9-9523-4c44-b3e1-6c19d629a83e" KeyNumber="523">
            <Value Key="InputType" Value="hyperlink-default" Type="String" />
            <Value Key="Name" Value="Link" Type="String" />
            <Value Key="VisibleInEditUI" Value="True" Type="Boolean" />
          </Entity>
        </Attribute>
        <Attribute StaticName="Buttoncolor" Type="String" IsTitle="false">
          <Entity AssignmentObjectType="EAV Field Properties" AttributeSetStaticName="@All" AttributeSetName="@All" EntityGUID="55883ae1-2219-4898-b590-c8c5ac0030fc" KeyNumber="529">
            <Value Key="CustomJavaScript" Value="" Type="String" />
            <Value Key="DefaultValue" Value="primary" Type="String" />
            <Value Key="Disabled" Value="False" Type="Boolean" />
            <Value Key="InputType" Value="string-dropdown" Type="String" />
            <Value Key="Name" Value="Button color" Type="String" />
            <Value Key="Notes" Value="" Type="String" />
            <Value Key="Required" Value="False" Type="Boolean" />
            <Value Key="ValidationRegExJavaScript" Value="" Type="String" />
            <Value Key="VisibleInEditUI" Value="True" Type="Boolean" />
          </Entity>
          <Entity AssignmentObjectType="EAV Field Properties" AttributeSetStaticName="@String" AttributeSetName="@String" EntityGUID="710713b3-f780-48ef-973a-6ca5b53f918a" KeyNumber="529">
            <Value Key="DropdownValues" Value="" Type="String" />
            <Value Key="InputType" Value="" Type="String" />
          </Entity>
          <Entity AssignmentObjectType="EAV Field Properties" AttributeSetStaticName="@string-dropdown" AttributeSetName="@string-dropdown" EntityGUID="864dd834-7e8f-4f05-968e-2ca96f9b8b69" KeyNumber="529">
            <Value Key="DropdownValues" Value="Primary:primary&#xA;Secondary:secondary&#xA;Success:success&#xA;Danger:danger&#xA;Warning:warning&#xA;Info:info&#xA;Light:light&#xA;Dark:dark&#xA;Link:link" Type="String" />
            <Value Key="EnableTextEntry" Value="False" Type="Boolean" />
          </Entity>
        </Attribute>
      </Attributes>
    </AttributeSet>
  </AttributeSets>
  <Entities>
    <Entity AssignmentObjectType="App" AttributeSetStaticName="2SexyContent-App" AttributeSetName="2SexyContent-App" EntityGUID="d6f9ea9a-8c1e-45e9-bc25-ba54f40763fa" KeyNumber="10">
      <Value Key="DisplayName" Value="Jumbotron" Type="String" />
      <Value Key="Folder" Value="Jumbotron" Type="String" />
      <Value Key="OriginalId" Value="" Type="String" />
      <Value Key="Version" Value="00.00.01" Type="String" />
    </Entity>
    <Entity AssignmentObjectType="App" AttributeSetStaticName="App-Settings" AttributeSetName="App-Settings" EntityGUID="fd763c6f-7092-402b-b0ae-a047dd0503a0" KeyNumber="10" />
    <Entity AssignmentObjectType="App" AttributeSetStaticName="App-Resources" AttributeSetName="App-Resources" EntityGUID="2212681f-f3ff-4bcc-9e30-f2203d1f51b2" KeyNumber="10" />
    <Entity AssignmentObjectType="Default" AttributeSetStaticName="2SexyContent-Template" AttributeSetName="2SexyContent-Template" EntityGUID="7222a568-27f4-4809-89e4-80ae3e6ad111">
      <Value Key="ContentTypeStaticName" Value="c01edffb-94ec-4e3f-abe9-41e01fd7869b" Type="String" />
      <Value Key="IsHidden" Value="False" Type="Boolean" />
      <Value Key="ListContentTypeStaticName" Value="" Type="String" />
      <Value Key="ListPresentationTypeStaticName" Value="" Type="String" />
      <Value Key="Location" Value="Portal File System" Type="String" />
      <Value Key="Name" Value="Jumbotron" Type="String" />
      <Value Key="Path" Value="jumbotron.html" Type="String" />
      <Value Key="PresentationTypeStaticName" Value="" Type="String" />
      <Value Key="PublishData" Value="False" Type="Boolean" />
      <Value Key="StreamsToPublish" Value="" Type="String" />
      <Value Key="Type" Value="Token" Type="String" />
      <Value Key="UseForList" Value="False" Type="Boolean" />
      <Value Key="ViewNameInUrl" Value="" Type="String" />
    </Entity>
    <Entity AssignmentObjectType="Default" AttributeSetStaticName="c01edffb-94ec-4e3f-abe9-41e01fd7869b" AttributeSetName="Jumbotron" EntityGUID="8fbdfdca-24c9-43e1-bafc-f5788cc4adc3">
      <Value Key="Buttoncolor" Value="dark" Type="String" />
      <Value Key="Colorcombo" Value="bg-primary text-white" Type="String" />
      <Value Key="Content" Value="&lt;p&gt;Here some great content like: Go to tjeps.com&lt;/p&gt;" Type="String" />
      <Value Key="Link" Value="https://www.tjeps.com" Type="Hyperlink" />
      <Value Key="Linktext" Value="Click here" Type="String" />
      <Value Key="Teaser" Value="&lt;p&gt;Teaser text&lt;/p&gt;" Type="String" />
      <Value Key="Title" Value="Title" Type="String" />
    </Entity>
  </Entities>
  <PortalFiles />
  <PortalFolders>
    <Folder Id="9436" RelativePath="adam/Jumbotron/" />
  </PortalFolders>
</SexyContent>