<?xml version="1.0" encoding="utf-8" standalone="yes"?>
<SexyContent FileVersion="07.00.00" MinimumRequiredVersion="07.00.00" ModuleVersion="09.32.01" ExportDate="2019-03-19T11:08:41.085334+01:00">
  <Header>
    <App Guid="e9695ea0-5c94-40d8-a0b8-f6d96305c40b" />
    <Language Default="nl-NL" />
    <Dimensions />
  </Header>
  <AttributeSets>
    <AttributeSet StaticName="App-Resources" Name="App-Resources" Description="Stores resources like translations for an app" Scope="2SexyContent-App" AlwaysShareConfiguration="false">
      <Attributes />
    </AttributeSet>
    <AttributeSet StaticName="App-Settings" Name="App-Settings" Description="Stores settings for an app" Scope="2SexyContent-App" AlwaysShareConfiguration="false">
      <Attributes />
    </AttributeSet>
    <AttributeSet StaticName="d3659628-5f3b-4581-a46b-1bdc8bacbc60" Name="Diary" Description="" Scope="2SexyContent" AlwaysShareConfiguration="false">
      <Attributes>
        <Attribute StaticName="Feel" Type="String" IsTitle="true">
          <Entity AssignmentObjectType="EAV Field Properties" AttributeSetStaticName="@All" AttributeSetName="@All" EntityGUID="ca80671e-2639-4d3f-8e55-a81004aa9922" KeyNumber="834">
            <Value Key="CustomJavaScript" Value="" Type="String" />
            <Value Key="DefaultValue" Value="" Type="String" />
            <Value Key="Disabled" Value="False" Type="Boolean" />
            <Value Key="InputType" Value="string-dropdown" Type="String" />
            <Value Key="Name" Value="Feel" Type="String" />
            <Value Key="Notes" Value="" Type="String" />
            <Value Key="Required" Value="False" Type="Boolean" />
            <Value Key="ValidationRegExJavaScript" Value="" Type="String" />
            <Value Key="VisibleInEditUI" Value="True" Type="Boolean" />
          </Entity>
          <Entity AssignmentObjectType="EAV Field Properties" AttributeSetStaticName="@String" AttributeSetName="@String" EntityGUID="81ba6469-4eaa-4d1b-a252-97ffb55323cd" KeyNumber="834">
            <Value Key="DropdownValues" Value="" Type="String" />
            <Value Key="InputType" Value="" Type="String" />
          </Entity>
          <Entity AssignmentObjectType="EAV Field Properties" AttributeSetStaticName="@string-dropdown" AttributeSetName="@string-dropdown" EntityGUID="d56fb852-d578-4b3d-9a45-0cd1eec87ae4" KeyNumber="834">
            <Value Key="DropdownValues" Value="Niet best&#xA;Mwoah&#xA;Best ok&#xA;Top!" Type="String" />
            <Value Key="EnableTextEntry" Value="True" Type="Boolean" />
          </Entity>
        </Attribute>
        <Attribute StaticName="Datum" Type="DateTime" IsTitle="false">
          <Entity AssignmentObjectType="EAV Field Properties" AttributeSetStaticName="@All" AttributeSetName="@All" EntityGUID="de014220-6639-48b2-81ab-54a9e8cef4a2" KeyNumber="835">
            <Value Key="CustomJavaScript" Value="" Type="String" />
            <Value Key="DefaultValue" Value="" Type="String" />
            <Value Key="Disabled" Value="False" Type="Boolean" />
            <Value Key="InputType" Value="datetime-default" Type="String" />
            <Value Key="Name" Value="Datum" Type="String" />
            <Value Key="Notes" Value="" Type="String" />
            <Value Key="Required" Value="False" Type="Boolean" />
            <Value Key="ValidationRegExJavaScript" Value="" Type="String" />
            <Value Key="VisibleInEditUI" Value="True" Type="Boolean" />
          </Entity>
          <Entity AssignmentObjectType="EAV Field Properties" AttributeSetStaticName="@DateTime" AttributeSetName="@DateTime" EntityGUID="3c973997-432c-4776-8f27-b9b412eb021a" KeyNumber="835">
            <Value Key="UseTimePicker" Value="False" Type="Boolean" />
          </Entity>
        </Attribute>
      </Attributes>
    </AttributeSet>
  </AttributeSets>
  <Entities>
    <Entity AssignmentObjectType="App" AttributeSetStaticName="2SexyContent-App" AttributeSetName="2SexyContent-App" EntityGUID="c457cc37-0f3c-4302-a766-c9aaecaa576b" KeyNumber="15">
      <Value Key="AllowRazorTemplates" Value="True" Type="Boolean" />
      <Value Key="AllowTokenTemplates" Value="True" Type="Boolean" />
      <Value Key="Description" Value="" Type="String" />
      <Value Key="DisplayName" Value="Diary" Type="String" />
      <Value Key="Folder" Value="Diary" Type="String" />
      <Value Key="Hidden" Value="False" Type="Boolean" />
      <Value Key="OriginalId" Value="" Type="String" />
      <Value Key="RequiredDnnVersion" Value="07.02.00" Type="String" />
      <Value Key="RequiredVersion" Value="08.03.00" Type="String" />
      <Value Key="SupportsAjaxReload" Value="False" Type="Boolean" />
      <Value Key="Version" Value="00.00.03" Type="String" />
    </Entity>
    <Entity AssignmentObjectType="App" AttributeSetStaticName="App-Settings" AttributeSetName="App-Settings" EntityGUID="eff43b54-095a-4f2c-ae66-f394e199e839" KeyNumber="15" />
    <Entity AssignmentObjectType="App" AttributeSetStaticName="App-Resources" AttributeSetName="App-Resources" EntityGUID="87308ef2-6af0-4e05-be82-4962abb31584" KeyNumber="15" />
    <Entity AssignmentObjectType="Default" AttributeSetStaticName="DataPipeline" AttributeSetName="DataPipeline" EntityGUID="f196ab5d-b86c-4db9-b690-6b213e7ad2e5">
      <Value Key="AllowEdit" Value="True" Type="Boolean" />
      <Value Key="Description" Value="Shows all entries" Type="String" />
      <Value Key="Name" Value="Feel" Type="String" />
      <Value Key="StreamsOut" Value="ListContent,Default" Type="String" />
      <Value Key="StreamWiring" Value="e50955c0-14e5-4889-abb1-1d2ae99c3f0e:Default&gt;73b1607f-991f-4f53-86d6-9dedc7c81a69:Default&#xD;&#xA;e50955c0-14e5-4889-abb1-1d2ae99c3f0e:Drafts&gt;73b1607f-991f-4f53-86d6-9dedc7c81a69:Drafts&#xD;&#xA;e50955c0-14e5-4889-abb1-1d2ae99c3f0e:Published&gt;73b1607f-991f-4f53-86d6-9dedc7c81a69:Published&#xD;&#xA;73b1607f-991f-4f53-86d6-9dedc7c81a69:Default&gt;8b70aab4-9081-47cb-b819-f2555dd2e6a0:Default&#xD;&#xA;8b70aab4-9081-47cb-b819-f2555dd2e6a0:Diary&gt;748aae85-2614-40e6-b811-9fe86a8c0ade:Default&#xD;&#xA;748aae85-2614-40e6-b811-9fe86a8c0ade:Default&gt;daac87eb-2b75-4b91-bb71-21b19a2e2d50:Default&#xD;&#xA;daac87eb-2b75-4b91-bb71-21b19a2e2d50:Default&gt;Out:Default" Type="String" />
      <Value Key="TestParameters" Value="[User:UserId]=1" Type="String" />
    </Entity>
    <Entity AssignmentObjectType="Entity" AttributeSetStaticName="DataPipelinePart" AttributeSetName="DataPipelinePart" EntityGUID="e50955c0-14e5-4889-abb1-1d2ae99c3f0e" KeyGuid="f196ab5d-b86c-4db9-b690-6b213e7ad2e5">
      <Value Key="Description" Value="" Type="String" />
      <Value Key="Name" Value="ICache" Type="String" />
      <Value Key="PartAssemblyAndType" Value="ToSic.Eav.DataSources.Caches.ICache, ToSic.Eav.DataSources" Type="String" />
      <Value Key="VisualDesignerData" Value="{&#xD;&#xA;  &quot;Top&quot;: 840,&#xD;&#xA;  &quot;Left&quot;: 440&#xD;&#xA;}" Type="String" />
    </Entity>
    <Entity AssignmentObjectType="Entity" AttributeSetStaticName="DataPipelinePart" AttributeSetName="DataPipelinePart" EntityGUID="73b1607f-991f-4f53-86d6-9dedc7c81a69" KeyGuid="f196ab5d-b86c-4db9-b690-6b213e7ad2e5">
      <Value Key="Description" Value="" Type="String" />
      <Value Key="Name" Value="PublishingFilter" Type="String" />
      <Value Key="PartAssemblyAndType" Value="ToSic.Eav.DataSources.PublishingFilter, ToSic.Eav.DataSources" Type="String" />
      <Value Key="VisualDesignerData" Value="{&#xD;&#xA;  &quot;Top&quot;: 700,&#xD;&#xA;  &quot;Left&quot;: 440&#xD;&#xA;}" Type="String" />
    </Entity>
    <Entity AssignmentObjectType="Entity" AttributeSetStaticName="DataPipelinePart" AttributeSetName="DataPipelinePart" EntityGUID="8b70aab4-9081-47cb-b819-f2555dd2e6a0" KeyGuid="f196ab5d-b86c-4db9-b690-6b213e7ad2e5">
      <Value Key="Description" Value="" Type="String" />
      <Value Key="Name" Value="App" Type="String" />
      <Value Key="PartAssemblyAndType" Value="ToSic.Eav.DataSources.App, ToSic.Eav.DataSources" Type="String" />
      <Value Key="VisualDesignerData" Value="{&#xD;&#xA;  &quot;Top&quot;: 540,&#xD;&#xA;  &quot;Left&quot;: 460&#xD;&#xA;}" Type="String" />
    </Entity>
    <Entity AssignmentObjectType="Entity" AttributeSetStaticName="|Config ToSic.Eav.DataSources.App" AttributeSetName="|Config ToSic.Eav.DataSources.App" EntityGUID="818ea97d-912b-4612-a7d7-1ee65b871bdb" KeyGuid="8b70aab4-9081-47cb-b819-f2555dd2e6a0">
      <Value Key="AppSwitch" Value="" Type="String" />
      <Value Key="ZoneSwitch" Value="" Type="String" />
    </Entity>
    <Entity AssignmentObjectType="Default" AttributeSetStaticName="2SexyContent-Template" AttributeSetName="2SexyContent-Template" EntityGUID="89eb27bf-78fc-4e43-b4d9-7fe2fe91b952">
      <Value Key="ContentTypeStaticName" Value="" Type="String" />
      <Value Key="IsHidden" Value="False" Type="Boolean" />
      <Value Key="ListContentTypeStaticName" Value="" Type="String" />
      <Value Key="ListPresentationTypeStaticName" Value="" Type="String" />
      <Value Key="Location" Value="Portal File System" Type="String" />
      <Value Key="Name" Value="Diary" Type="String" />
      <Value Key="Path" Value="_diary.cshtml" Type="String" />
      <Value Key="Pipeline" Value="f196ab5d-b86c-4db9-b690-6b213e7ad2e5" Type="Entity" />
      <Value Key="PresentationTypeStaticName" Value="d3659628-5f3b-4581-a46b-1bdc8bacbc60" Type="String" />
      <Value Key="PublishData" Value="False" Type="Boolean" />
      <Value Key="StreamsToPublish" Value="" Type="String" />
      <Value Key="Type" Value="C# Razor" Type="String" />
      <Value Key="UseForList" Value="False" Type="Boolean" />
      <Value Key="ViewNameInUrl" Value="" Type="String" />
    </Entity>
    <Entity AssignmentObjectType="Entity" AttributeSetStaticName="|Config ToSic.Eav.DataSources.ValueSort" AttributeSetName="|Config ToSic.Eav.DataSources.ValueSort" EntityGUID="17efded8-e2f4-44f3-8d96-a332da856d6e" KeyGuid="1dc9a6e8-18e6-4af4-bbd5-40330f2cc3de">
      <Value Key="Attributes" Value="Datum" Type="String" />
      <Value Key="Directions" Value="desc" Type="String" />
    </Entity>
    <Entity AssignmentObjectType="Entity" AttributeSetStaticName="|Config ToSic.Eav.DataSources.OwnerFilter" AttributeSetName="|Config ToSic.Eav.DataSources.OwnerFilter" EntityGUID="c788b0e4-a0e4-42af-919c-6bb5ebb85960" KeyGuid="a9c62ff1-5d16-48d2-acfc-6698c5e887fa">
      <Value Key="IdentityCode" Value="dnn:userid=[User:UserId]" Type="String" />
    </Entity>
    <Entity AssignmentObjectType="Default" AttributeSetStaticName="d3659628-5f3b-4581-a46b-1bdc8bacbc60" AttributeSetName="Diary" EntityGUID="de66320d-e7be-4314-9ab7-4e39bccd9700">
      <Value Key="Datum" Value="2019-03-13T00:00:00" Type="DateTime" />
      <Value Key="Feel" Value="Top!" Type="String" />
    </Entity>
    <Entity AssignmentObjectType="Default" AttributeSetStaticName="d3659628-5f3b-4581-a46b-1bdc8bacbc60" AttributeSetName="Diary" EntityGUID="950f4907-2b85-4d88-97a9-a3514fbbf18e">
      <Value Key="Datum" Value="2019-03-13T00:00:00" Type="DateTime" />
      <Value Key="Feel" Value="Top!" Type="String" />
    </Entity>
    <Entity AssignmentObjectType="Default" AttributeSetStaticName="d3659628-5f3b-4581-a46b-1bdc8bacbc60" AttributeSetName="Diary" EntityGUID="25f8297b-3a75-4063-89ed-357632c11a97">
      <Value Key="Datum" Value="2019-03-15T00:00:00" Type="DateTime" />
      <Value Key="Feel" Value="Mwoah" Type="String" />
    </Entity>
    <Entity AssignmentObjectType="Default" AttributeSetStaticName="d3659628-5f3b-4581-a46b-1bdc8bacbc60" AttributeSetName="Diary" EntityGUID="7b5b324b-64f3-4b43-bb07-e495186f3c49">
      <Value Key="Datum" Value="2019-03-14T00:00:00" Type="DateTime" />
      <Value Key="Feel" Value="Mwoah" Type="String" />
    </Entity>
    <Entity AssignmentObjectType="Default" AttributeSetStaticName="d3659628-5f3b-4581-a46b-1bdc8bacbc60" AttributeSetName="Diary" EntityGUID="f75e9e16-601d-4fc3-867e-38e4dcaad1cb">
      <Value Key="Datum" Value="2019-03-15T00:00:00" Type="DateTime" />
      <Value Key="Feel" Value="Mwoah" Type="String" />
    </Entity>
    <Entity AssignmentObjectType="Default" AttributeSetStaticName="d3659628-5f3b-4581-a46b-1bdc8bacbc60" AttributeSetName="Diary" EntityGUID="f618b176-630a-4607-8b75-71417cd3aeb5">
      <Value Key="Datum" Value="2019-03-11T00:00:00" Type="DateTime" />
      <Value Key="Feel" Value="Niet best" Type="String" />
    </Entity>
    <Entity AssignmentObjectType="Default" AttributeSetStaticName="d3659628-5f3b-4581-a46b-1bdc8bacbc60" AttributeSetName="Diary" EntityGUID="8c505b45-e549-41ee-ba41-d6966855c599">
      <Value Key="Datum" Value="2019-03-15T00:00:00" Type="DateTime" />
      <Value Key="Feel" Value="Niet best" Type="String" />
    </Entity>
    <Entity AssignmentObjectType="Entity" AttributeSetStaticName="DataPipelinePart" AttributeSetName="DataPipelinePart" EntityGUID="748aae85-2614-40e6-b811-9fe86a8c0ade" KeyGuid="f196ab5d-b86c-4db9-b690-6b213e7ad2e5">
      <Value Key="Description" Value="" Type="String" />
      <Value Key="Name" Value="OwnerFilter" Type="String" />
      <Value Key="PartAssemblyAndType" Value="ToSic.Eav.DataSources.OwnerFilter, ToSic.Eav.DataSources" Type="String" />
      <Value Key="VisualDesignerData" Value="{&#xD;&#xA;  &quot;Top&quot;: 340,&#xD;&#xA;  &quot;Left&quot;: 446&#xD;&#xA;}" Type="String" />
    </Entity>
    <Entity AssignmentObjectType="Default" AttributeSetStaticName="d3659628-5f3b-4581-a46b-1bdc8bacbc60" AttributeSetName="Diary" EntityGUID="a6911ecc-6bf3-423a-b239-3e5558656991">
      <Value Key="Datum" Value="2019-03-12T00:00:00" Type="DateTime" />
      <Value Key="Feel" Value="Niet best" Type="String" />
    </Entity>
    <Entity AssignmentObjectType="Entity" AttributeSetStaticName="|Config ToSic.Eav.DataSources.OwnerFilter" AttributeSetName="|Config ToSic.Eav.DataSources.OwnerFilter" EntityGUID="532540ee-e85a-47b0-84bc-a42f2525b1af" KeyGuid="748aae85-2614-40e6-b811-9fe86a8c0ade">
      <Value Key="IdentityCode" Value="dnn:userid=[User:UserId]" Type="String" />
    </Entity>
    <Entity AssignmentObjectType="Default" AttributeSetStaticName="d3659628-5f3b-4581-a46b-1bdc8bacbc60" AttributeSetName="Diary" EntityGUID="f9089100-b664-4f36-a702-fe6e6bf02527">
      <Value Key="Datum" Value="2019-03-22T00:00:00" Type="DateTime" />
      <Value Key="Feel" Value="Best ok" Type="String" />
    </Entity>
    <Entity AssignmentObjectType="Entity" AttributeSetStaticName="DataPipelinePart" AttributeSetName="DataPipelinePart" EntityGUID="daac87eb-2b75-4b91-bb71-21b19a2e2d50" KeyGuid="f196ab5d-b86c-4db9-b690-6b213e7ad2e5">
      <Value Key="Description" Value="" Type="String" />
      <Value Key="Name" Value="ValueSort" Type="String" />
      <Value Key="PartAssemblyAndType" Value="ToSic.Eav.DataSources.ValueSort, ToSic.Eav.DataSources" Type="String" />
      <Value Key="VisualDesignerData" Value="{&#xD;&#xA;  &quot;Top&quot;: 190,&#xD;&#xA;  &quot;Left&quot;: 333&#xD;&#xA;}" Type="String" />
    </Entity>
    <Entity AssignmentObjectType="Entity" AttributeSetStaticName="|Config ToSic.Eav.DataSources.ValueSort" AttributeSetName="|Config ToSic.Eav.DataSources.ValueSort" EntityGUID="bad3f104-d054-42b6-9c94-c9873d4a5511" KeyGuid="daac87eb-2b75-4b91-bb71-21b19a2e2d50">
      <Value Key="Attributes" Value="Datum" Type="String" />
      <Value Key="Directions" Value="desc" Type="String" />
    </Entity>
    <Entity AssignmentObjectType="Entity" AttributeSetStaticName="PermissionConfiguration" AttributeSetName="PermissionConfiguration" EntityGUID="b022e60f-6c36-443a-ba25-81be31faf56b" KeyGuid="d3659628-5f3b-4581-a46b-1bdc8bacbc60">
      <Value Key="Condition" Value="Owner" Type="String" />
      <Value Key="Grant" Value="ru" Type="String" />
      <Value Key="Identity" Value="" Type="String" />
      <Value Key="Title" Value="Owners can edit" Type="String" />
    </Entity>
    <Entity AssignmentObjectType="Entity" AttributeSetStaticName="PermissionConfiguration" AttributeSetName="PermissionConfiguration" EntityGUID="a4450914-d76a-4afd-9405-35ea301779d2" KeyGuid="d3659628-5f3b-4581-a46b-1bdc8bacbc60">
      <Value Key="Condition" Value="SecurityAccessLevel.View" Type="String" />
      <Value Key="Grant" Value="c" Type="String" />
      <Value Key="Identity" Value="1" Type="String" />
      <Value Key="Title" Value="Registered users (425 in my sys) can create" Type="String" />
    </Entity>
    <Entity AssignmentObjectType="Entity" AttributeSetStaticName="PermissionConfiguration" AttributeSetName="PermissionConfiguration" EntityGUID="e06f343f-9aac-4714-bafc-47e4681aca77" KeyGuid="d3659628-5f3b-4581-a46b-1bdc8bacbc60">
      <Value Key="Condition" Value="SecurityAccessLevel.View" Type="String" />
      <Value Key="Grant" Value="$" Type="String" />
      <Value Key="Identity" Value="1" Type="String" />
      <Value Key="Title" Value="Registered users can read Schema (for edit dialog)" Type="String" />
    </Entity>
    <Entity AssignmentObjectType="Entity" AttributeSetStaticName="PermissionConfiguration" AttributeSetName="PermissionConfiguration" EntityGUID="c1edbb79-6eea-4576-b332-5aa84830272e" KeyGuid="d3659628-5f3b-4581-a46b-1bdc8bacbc60">
      <Value Key="Condition" Value="SecurityAccessLevel.View" Type="String" />
      <Value Key="Grant" Value="č" Type="String" />
      <Value Key="Identity" Value="1" Type="String" />
      <Value Key="Title" Value="Registered Users can create-draft (temporary rule)" Type="String" />
    </Entity>
    <Entity AssignmentObjectType="Default" AttributeSetStaticName="d3659628-5f3b-4581-a46b-1bdc8bacbc60" AttributeSetName="Diary" EntityGUID="5ab9c7a2-d58c-4866-9e0a-99488f06c535">
      <Value Key="Datum" Value="2019-03-16T09:39:21" Type="DateTime" />
      <Value Key="Feel" Value="Niet best" Type="String" />
    </Entity>
    <Entity AssignmentObjectType="Default" AttributeSetStaticName="d3659628-5f3b-4581-a46b-1bdc8bacbc60" AttributeSetName="Diary" EntityGUID="d6d64d05-e6d1-4bff-bc8f-356393b57aef">
      <Value Key="Datum" Value="2019-03-17T11:18:44" Type="DateTime" />
      <Value Key="Feel" Value="Best ok" Type="String" />
    </Entity>
    <Entity AssignmentObjectType="Default" AttributeSetStaticName="d3659628-5f3b-4581-a46b-1bdc8bacbc60" AttributeSetName="Diary" EntityGUID="b6b28a43-d44c-4af8-989a-061074f126da">
      <Value Key="Datum" Value="2019-03-18T14:59:45" Type="DateTime" />
      <Value Key="Feel" Value="Top!" Type="String" />
    </Entity>
    <Entity AssignmentObjectType="Default" AttributeSetStaticName="d3659628-5f3b-4581-a46b-1bdc8bacbc60" AttributeSetName="Diary" EntityGUID="34c08852-b32c-46ba-b484-b15f9c2ef787">
      <Value Key="Datum" Value="2019-03-19T00:00:00" Type="DateTime" />
      <Value Key="Feel" Value="Top!" Type="String" />
    </Entity>
  </Entities>
  <PortalFiles />
  <PortalFolders>
    <Folder Id="237" RelativePath="adam/Diary/" />
  </PortalFolders>
</SexyContent>