<?xml version="1.0" encoding="utf-8" standalone="yes"?>
<SexyContent FileVersion="07.00.00" MinimumRequiredVersion="07.00.00" ModuleVersion="09.32.00" ExportDate="2018-06-20T16:54:02.0598621+02:00">
  <Header>
    <App Guid="de8a1124-8f9f-440f-82c5-e7a423a410ba" />
    <Language Default="en-US" />
    <Dimensions />
  </Header>
  <AttributeSets>
    <AttributeSet StaticName="App-Resources" Name="App-Resources" Description="Stores resources like translations for an app" Scope="2SexyContent-App" AlwaysShareConfiguration="false">
      <Attributes />
    </AttributeSet>
    <AttributeSet StaticName="App-Settings" Name="App-Settings" Description="Stores settings for an app" Scope="2SexyContent-App" AlwaysShareConfiguration="false">
      <Attributes />
    </AttributeSet>
    <AttributeSet StaticName="9176bad4-42ec-4c7b-8445-fb0b4ed0b6da" Name="Cards" Description="Cards" Scope="2SexyContent" AlwaysShareConfiguration="false">
      <Attributes>
        <Attribute StaticName="Title" Type="String" IsTitle="true">
          <Entity AssignmentObjectType="EAV Field Properties" AttributeSetStaticName="@All" AttributeSetName="@All" EntityGUID="7cc9b6b7-b3a7-42f9-a11a-54a7a2c2d6b2" KeyNumber="498">
            <Value Key="InputType" Value="string-default" Type="String" />
            <Value Key="Name" Value="Title" Type="String" />
            <Value Key="VisibleInEditUI" Value="True" Type="Boolean" />
          </Entity>
        </Attribute>
        <Attribute StaticName="Image" Type="Hyperlink" IsTitle="false">
          <Entity AssignmentObjectType="EAV Field Properties" AttributeSetStaticName="@All" AttributeSetName="@All" EntityGUID="cf0fc653-7e7a-47a0-b3bc-70ebcae2899b" KeyNumber="499">
            <Value Key="InputType" Value="hyperlink-default" Type="String" />
            <Value Key="Name" Value="Image" Type="String" />
            <Value Key="VisibleInEditUI" Value="True" Type="Boolean" />
          </Entity>
        </Attribute>
        <Attribute StaticName="Text" Type="String" IsTitle="false">
          <Entity AssignmentObjectType="EAV Field Properties" AttributeSetStaticName="@All" AttributeSetName="@All" EntityGUID="436a6407-e2ac-41ee-bd7a-b89e02e9c075" KeyNumber="500">
            <Value Key="InputType" Value="string-wysiwyg" Type="String" />
            <Value Key="Name" Value="Text" Type="String" />
            <Value Key="VisibleInEditUI" Value="True" Type="Boolean" />
          </Entity>
        </Attribute>
        <Attribute StaticName="Linktext" Type="String" IsTitle="false">
          <Entity AssignmentObjectType="EAV Field Properties" AttributeSetStaticName="@All" AttributeSetName="@All" EntityGUID="696c9f63-257e-4d0c-a5eb-aba18901573c" KeyNumber="501">
            <Value Key="InputType" Value="string-default" Type="String" />
            <Value Key="Name" Value="Linktext" Type="String" />
            <Value Key="VisibleInEditUI" Value="True" Type="Boolean" />
          </Entity>
        </Attribute>
        <Attribute StaticName="Link" Type="Hyperlink" IsTitle="false">
          <Entity AssignmentObjectType="EAV Field Properties" AttributeSetStaticName="@All" AttributeSetName="@All" EntityGUID="2df0fee1-0c5c-472d-898a-3b717c72d176" KeyNumber="502">
            <Value Key="InputType" Value="hyperlink-default" Type="String" />
            <Value Key="Name" Value="Link" Type="String" />
            <Value Key="VisibleInEditUI" Value="True" Type="Boolean" />
          </Entity>
        </Attribute>
      </Attributes>
    </AttributeSet>
  </AttributeSets>
  <Entities>
    <Entity AssignmentObjectType="App" AttributeSetStaticName="2SexyContent-App" AttributeSetName="2SexyContent-App" EntityGUID="8943d378-a017-442c-a453-32a37b31b87f" KeyNumber="5">
      <Value Key="DisplayName" Value="Cards" Type="String" />
      <Value Key="Folder" Value="Cards" Type="String" />
      <Value Key="OriginalId" Value="" Type="String" />
      <Value Key="Version" Value="00.00.01" Type="String" />
    </Entity>
    <Entity AssignmentObjectType="App" AttributeSetStaticName="App-Settings" AttributeSetName="App-Settings" EntityGUID="65cf40bb-5d56-4ee0-ae64-589c48322c04" KeyNumber="5" />
    <Entity AssignmentObjectType="App" AttributeSetStaticName="App-Resources" AttributeSetName="App-Resources" EntityGUID="7abfe0e0-4da9-4134-b587-56c8c5d4f7ed" KeyNumber="5" />
    <Entity AssignmentObjectType="Default" AttributeSetStaticName="2SexyContent-Template" AttributeSetName="2SexyContent-Template" EntityGUID="050b50cd-016b-429a-8c16-0b0a8b6b4da2">
      <Value Key="ContentTypeStaticName" Value="9176bad4-42ec-4c7b-8445-fb0b4ed0b6da" Type="String" />
      <Value Key="IsHidden" Value="False" Type="Boolean" />
      <Value Key="ListContentTypeStaticName" Value="" Type="String" />
      <Value Key="ListPresentationTypeStaticName" Value="" Type="String" />
      <Value Key="Location" Value="Portal File System" Type="String" />
      <Value Key="Name" Value="Cards" Type="String" />
      <Value Key="Path" Value="cards.html" Type="String" />
      <Value Key="PresentationTypeStaticName" Value="" Type="String" />
      <Value Key="PublishData" Value="False" Type="Boolean" />
      <Value Key="StreamsToPublish" Value="" Type="String" />
      <Value Key="Type" Value="Token" Type="String" />
      <Value Key="UseForList" Value="True" Type="Boolean" />
      <Value Key="ViewNameInUrl" Value="" Type="String" />
    </Entity>
    <Entity AssignmentObjectType="Default" AttributeSetStaticName="9176bad4-42ec-4c7b-8445-fb0b4ed0b6da" AttributeSetName="Cards" EntityGUID="bddecb28-93b5-423b-906b-e3ec2ba2d93d">
      <Value Key="Image" Value="file:238" Type="Hyperlink" />
      <Value Key="Link" Value="https://www.tjeps.com" Type="Hyperlink" />
      <Value Key="Linktext" Value="Click here" Type="String" />
      <Value Key="Text" Value="&lt;p&gt;Descriptive text&lt;/p&gt;" Type="String" />
      <Value Key="Title" Value="First card" Type="String" />
    </Entity>
    <Entity AssignmentObjectType="Default" AttributeSetStaticName="9176bad4-42ec-4c7b-8445-fb0b4ed0b6da" AttributeSetName="Cards" EntityGUID="46405654-ea70-43fd-882f-fdf9d20febfb">
      <Value Key="Image" Value="file:239" Type="Hyperlink" />
      <Value Key="Link" Value="www.google.com" Type="Hyperlink" />
      <Value Key="Linktext" Value="Don't click" Type="String" />
      <Value Key="Text" Value="&lt;p&gt;Birthday&lt;/p&gt;" Type="String" />
      <Value Key="Title" Value="Second card" Type="String" />
    </Entity>
  </Entities>
  <PortalFiles>
    <File Id="238" RelativePath="adam\Cards\KMvevbWTO0KQa-PsK6LZPQ\Image\Barcode.jpg" />
    <File Id="239" RelativePath="adam\Cards\VFZARnDq_UOIL_350g_r-w\Image\Tara.jpg" />
  </PortalFiles>
  <PortalFolders>
    <Folder Id="113" RelativePath="adam/Cards/KMvevbWTO0KQa-PsK6LZPQ/Image/" />
    <Folder Id="115" RelativePath="adam/Cards/VFZARnDq_UOIL_350g_r-w/Image/" />
    <Folder Id="111" RelativePath="adam/Cards/" />
    <Folder Id="112" RelativePath="adam/Cards/KMvevbWTO0KQa-PsK6LZPQ/" />
    <Folder Id="114" RelativePath="adam/Cards/VFZARnDq_UOIL_350g_r-w/" />
  </PortalFolders>
</SexyContent>